username, password 
alkjlbc, sha256$FnV0pg8xkgKvT8y8$1605b1a1f9ecf3d8ec31e776194ef94a4a89199fd4986a127a363d5d6e7b9545
abasdsc, sha256$FnV0pg8xkgKvT8y8$1605b1a1f9ecf3d8ec31e776194ef94a4a89199fd4986a127a363d5d6e7b9545
aasdfbc, sha256$FnV0pg8xkgKvT8y8$1605b1a1f9ecf3d8ec31e776194ef94a4a89199fd4986a127a363d5d6e7b9545
aasdfbc, sha256$FnV0pg8xkgKvT8y8$1605b1a1f9ecf3d8ec31e776194ef94a4a89199fd4986a127a363d5d6e7b9545
abasdfc, sha256$FnV0pg8xkgKvT8y8$1605b1a1f9ecf3d8ec31e776194ef94a4a89199fd4986a127a363d5d6e7b9545
aasdfasdfbc, sha256$FnV0pg8xkgKvT8y8$1605b1a1f9ecf3d8ec31e776194ef94a4a89199fd4986a127a363d5d6e7b9545
abklklc, sha256$FnV0pg8xkgKvT8y8$1605b1a1f9ecf3d8ec31e776194ef94a4a89199fd4986a127a363d5d6e7b9545
abcdasdf, sha256$FnV0pg8xkgKvT8y8$1605b1a1f9ecf3d8ec31e776194ef94a4a89199fd4986a127a363d5d6e7b9545
abafsdfc, sha256$FnV0pg8xkgKvT8y8$1605b1a1f9ecf3d8ec31e776194ef94a4a89199fd4986a127a363d5d6e7b9545
abfffc, sha256$FnV0pg8xkgKvT8y8$1605b1a1f9ecf3d8ec31e776194ef94a4a89199fd4986a127a363d5d6e7b9545
abppppc, sha256$FnV0pg8xkgKvT8y8$1605b1a1f9ecf3d8ec31e776194ef94a4a89199fd4986a127a363d5d6e7b9545
abasdfasdfc, sha256$FnV0pg8xkgKvT8y8$1605b1a1f9ecf3d8ec31e776194ef94a4a89199fd4986a127a363d5d6e7b9545
abcasdfa, sha256$FnV0pg8xkgKvT8y8$1605b1a1f9ecf3d8ec31e776194ef94a4a89199fd4986a127a363d5d6e7b9545
abcasdf, sha256$FnV0pg8xkgKvT8y8$1605b1a1f9ecf3d8ec31e776194ef94a4a89199fd4986a127a363d5d6e7b9545
abasdfasdc, sha256$FnV0pg8xkgKvT8y8$1605b1a1f9ecf3d8ec31e776194ef94a4a89199fd4986a127a363d5d6e7b9545
ab123123c, sha256$FnV0pg8xkgKvT8y8$1605b1a1f9ecf3d8ec31e776194ef94a4a89199fd4986a127a363d5d6e7b9545
ab123123c, sha256$FnV0pg8xkgKvT8y8$1605b1a1f9ecf3d8ec31e776194ef94a4a89199fd4986a127a363d5d6e7b9545
abasdfasfc, sha256$FnV0pg8xkgKvT8y8$1605b1a1f9ecf3d8ec31e776194ef94a4a89199fd4986a127a363d5d6e7b9545
ab12312c, sha256$FnV0pg8xkgKvT8y8$1605b1a1f9ecf3d8ec31e776194ef94a4a89199fd4986a127a363d5d6e7b9545
abasdfc, sha256$FnV0pg8xkgKvT8y8$1605b1a1f9ecf3d8ec31e776194ef94a4a89199fd4986a127a363d5d6e7b9545
ab1231c, sha256$FnV0pg8xkgKvT8y8$1605b1a1f9ecf3d8ec31e776194ef94a4a89199fd4986a127a363d5d6e7b9545
aasdfbc, sha256$FnV0pg8xkgKvT8y8$1605b1a1f9ecf3d8ec31e776194ef94a4a89199fd4986a127a363d5d6e7b9545
aasdfc, sha256$FnV0pg8xkgKvT8y8$1605b1a1f9ecf3d8ec31e776194ef94a4a89199fd4986a127a363d5d6e7b9545
aasdfasbc, sha256$FnV0pg8xkgKvT8y8$1605b1a1f9ecf3d8ec31e776194ef94a4a89199fd4986a127a363d5d6e7b9545
abdfasc, sha256$FnV0pg8xkgKvT8y8$1605b1a1f9ecf3d8ec31e776194ef94a4a89199fd4986a127a363d5d6e7b9545
abasdfc, sha256$FnV0pg8xkgKvT8y8$1605b1a1f9ecf3d8ec31e776194ef94a4a89199fd4986a127a363d5d6e7b9545
abafc, sha256$FnV0pg8xkgKvT8y8$1605b1a1f9ecf3d8ec31e776194ef94a4a89199fd4986a127a363d5d6e7b9545
ablklc, sha256$FnV0pg8xkgKvT8y8$1605b1a1f9ecf3d8ec31e776194ef94a4a89199fd4986a127a363d5d6e7b9545
ablllc, sha256$FnV0pg8xkgKvT8y8$1605b1a1f9ecf3d8ec31e776194ef94a4a89199fd4986a127a363d5d6e7b9545
abctt, sha256$FnV0pg8xkgKvT8y8$1605b1a1f9ecf3d8ec31e776194ef94a4a89199fd4986a127a363d5d6e7b9545
abclll, sha256$FnV0pg8xkgKvT8y8$1605b1a1f9ecf3d8ec31e776194ef94a4a89199fd4986a127a363d5d6e7b9545
abceeee, sha256$FnV0pg8xkgKvT8y8$1605b1a1f9ecf3d8ec31e776194ef94a4a89199fd4986a127a363d5d6e7b9545
abceeeeee, sha256$FnV0pg8xkgKvT8y8$1605b1a1f9ecf3d8ec31e776194ef94a4a89199fd4986a127a363d5d6e7b9545
abcdde, sha256$FnV0pg8xkgKvT8y8$1605b1a1f9ecf3d8ec31e776194ef94a4a89199fd4986a127a363d5d6e7b9545
abcdddd, sha256$FnV0pg8xkgKvT8y8$1605b1a1f9ecf3d8ec31e776194ef94a4a89199fd4986a127a363d5d6e7b9545
addbdc, sha256$FnV0pg8xkgKvT8y8$1605b1a1f9ecf3d8ec31e776194ef94a4a89199fd4986a127a363d5d6e7b9545
abcdddd, sha256$FnV0pg8xkgKvT8y8$1605b1a1f9ecf3d8ec31e776194ef94a4a89199fd4986a127a363d5d6e7b9545
abddddc, sha256$FnV0pg8xkgKvT8y8$1605b1a1f9ecf3d8ec31e776194ef94a4a89199fd4986a127a363d5d6e7b9545
atbc, sha256$FnV0pg8xkgKvT8y8$1605b1a1f9ecf3d8ec31e776194ef94a4a89199fd4986a127a363d5d6e7b9545
abtffc, sha256$FnV0pg8xkgKvT8y8$1605b1a1f9ecf3d8ec31e776194ef94a4a89199fd4986a127a363d5d6e7b9545
abct, sha256$FnV0pg8xkgKvT8y8$1605b1a1f9ecf3d8ec31e776194ef94a4a89199fd4986a127a363d5d6e7b9545
absdfaoc, sha256$FnV0pg8xkgKvT8y8$1605b1a1f9ecf3d8ec31e776194ef94a4a89199fd4986a127a363d5d6e7b9545
apolbc, sha256$FnV0pg8xkgKvT8y8$1605b1a1f9ecf3d8ec31e776194ef94a4a89199fd4986a127a363d5d6e7b9545
abasc, sha256$FnV0pg8xkgKvT8y8$1605b1a1f9ecf3d8ec31e776194ef94a4a89199fd4986a127a363d5d6e7b9545
abcoiu, sha256$FnV0pg8xkgKvT8y8$1605b1a1f9ecf3d8ec31e776194ef94a4a89199fd4986a127a363d5d6e7b9545
abceio, sha256$FnV0pg8xkgKvT8y8$1605b1a1f9ecf3d8ec31e776194ef94a4a89199fd4986a127a363d5d6e7b9545
aiijjjc, sha256$FnV0pg8xkgKvT8y8$1605b1a1f9ecf3d8ec31e776194ef94a4a89199fd4986a127a363d5d6e7b9545
alkjlbc, sha256$FnV0pg8xkgKvT8y8$1605b1a1f9ecf3d8ec31e776194ef94a4a89199fd4986a127a363d5d6e7b9545
ablkjklc, sha256$FnV0pg8xkgKvT8y8$1605b1a1f9ecf3d8ec31e776194ef94a4a89199fd4986a127a363d5d6e7b9545