address,function,stashId
6375e88486fca1af21e0917a,6375e884097c1c7c6297cba3,8079
6375e884eb9c1f24d96ebb4e,6375e88491db1162119c881d,3071
6375e884787803b558b865fd,6375e88455dd117cb425b25b,1489
6375e88486fca1af21e0917a,6375e884097c1c7c6297cba3,8079
6375e884eb9c1f24d96ebb4e,6375e88491db1162119c881d,3071
6375e884787803b558b865fd,6375e88455dd117cb425b25b,1489
6375e88486fca1af21e0917a,6375e884097c1c7c6297cba3,8079
6375e884eb9c1f24d96ebb4e,6375e88491db1162119c881d,3071
6375e884787803b558b865fd,6375e88455dd117cb425b25b,1489
6375e88486fca1af21e0917a,6375e884097c1c7c6297cba3,8079
6375e884eb9c1f24d96ebb4e,6375e88491db1162119c881d,3071
6375e884787803b558b865fd,6375e88455dd117cb425b25b,1489
6375e88486fca1af21e0917a,6375e884097c1c7c6297cba3,8079
6375e884eb9c1f24d96ebb4e,6375e88491db1162119c881d,3071
6375e884787803b558b865fd,6375e88455dd117cb425b25b,1489
6375e88486fca1af21e0917a,6375e884097c1c7c6297cba3,8079
6375e884eb9c1f24d96ebb4e,6375e88491db1162119c881d,3071
6375e884787803b558b865fd,6375e88455dd117cb425b25b,1489
6375e88486fca1af21e0917a,6375e884097c1c7c6297cba3,8079
6375e884eb9c1f24d96ebb4e,6375e88491db1162119c881d,3071
6375e884787803b558b865fd,6375e88455dd117cb425b25b,1489
6375e88486fca1af21e0917a,6375e884097c1c7c6297cba3,8079
6375e884eb9c1f24d96ebb4e,6375e88491db1162119c881d,3071
6375e884eb9c1f24d96ebb4e,6375e88491db1162119c881d,3071
6375e884eb9c1f24d96ebb4e,6375e88491db1162119c881d,3071
6375e884eb9c1f24d96ebb4e,6375e88491db1162119c881d,3071
6375e884eb9c1f24d96ebb4e,6375e88491db1162119c881d,3071
6375e884eb9c1f24d96ebb4e,6375e88491db1162119c881d,3071
6375e884eb9c1f24d96ebb4e,6375e88491db1162119c881d,3071
6375e884eb9c1f24d96ebb4e,6375e88491db1162119c881d,3071
6375e884eb9c1f24d96ebb4e,6375e88491db1162119c881d,3071
6375e884787803b558b865fd,6375e88455dd117cb425b25b,1489
6375e88486fca1af21e0917a,6375e884097c1c7c6297cba3,8079
6375e884eb9c1f24d96ebb4e,6375e88491db1162119c881d,3071
6375e884787803b558b865fd,6375e88455dd117cb425b25b,1489
6375e88486fca1af21e0917a,6375e884097c1c7c6297cba3,8079
6375e884eb9c1f24d96ebb4e,6375e88491db1162119c881d,3071
6375e884787803b558b865fd,6375e88455dd117cb425b25b,1489
6375e88486fca1af21e0917a,6375e884097c1c7c6297cba3,8079
6375e884eb9c1f24d96ebb4e,6375e88491db1162119c881d,3071
6375e884787803b558b865fd,6375e88455dd117cb425b25b,1489
6375e88486fca1af21e0917a,6375e884097c1c7c6297cba3,8079
6375e884eb9c1f24d96ebb4e,6375e88491db1162119c881d,3071
6375e884787803b558b865fd,6375e88455dd117cb425b25b,1489
6375e88486fca1af21e0917a,6375e884097c1c7c6297cba3,8079
6375e884eb9c1f24d96ebb4e,6375e88491db1162119c881d,3071
6375e884787803b558b865fd,6375e88455dd117cb425b25b,1489
6375e88486fca1af21e0917a,6375e884097c1c7c6297cba3,8079
6375e884eb9c1f24d96ebb4e,6375e88491db1162119c881d,3071
6375e884787803b558b865fd,6375e88455dd117cb425b25b,1489
6375e88486fca1af21e0917a,6375e884097c1c7c6297cba3,8079
6375e884eb9c1f24d96ebb4e,6375e88491db1162119c881d,3071
6375e884787803b558b865fd,6375e88455dd117cb425b25b,1489
6375e88486fca1af21e0917a,6375e884097c1c7c6297cba3,8079
6375e884eb9c1f24d96ebb4e,6375e88491db1162119c881d,3071
6375e884787803b558b865fd,6375e88455dd117cb425b25b,1489
6375e8840cd652ab4238940a,6375e884156056cc6fcf503d,1991
6375e884553c53c858195ff3,6375e88478aa547ef626179d,507
6375e884174c5525f6d64df4,6375e884880f341d29193d6b,58
6375e8845717eb79d568f9ef,6375e884505908ea875e181e,2535
6375e88486fca1af21e0917a,6375e884097c1c7c6297cba3,809
6375e884eb9c1f24d96ebb4e,6375e88491db1162119c881d,3016
6375e884787803b558b865fd,6375e88455dd117cb425b25b,1479
6375e8840cd652ab4238940a,6375e884156056cc6fcf503d,1991
6375e884553c53c858195ff3,6375e88478aa547ef626179d,577
6375e884174c5525f6d64df4,6375e884880f341d29193d6b,108
6375e8845717eb79d568f9ef,6375e884505908ea875e181e,2635
6375e88486fca1af21e0917a,6375e884097c1c7c6297cba3,809
6375e884eb9c1f24d96ebb4e,6375e88491db1162119c881d,3016
6375e884787803b558b865fd,6375e88455dd117cb425b25b,1479
6375e8840cd652ab4238940a,6375e884156056cc6fcf503d,1991
6375e884553c53c858195ff3,6375e88478aa547ef626179d,577
6375e884174c5525f6d64df4,6375e884880f341d29193d6b,108
6375e8845717eb79d568f9ef,6375e884505908ea875e181e,2635
6375e88486fca1af21e0917a,6375e884097c1c7c6297cba3,809
6375e884eb9c1f24d96ebb4e,6375e88491db1162119c881d,3016
6375e884787803b558b865fd,6375e88455dd117cb425b25b,1479
6375e8840cd652ab4238940a,6375e884156056cc6fcf503d,1991
6375e884553c53c858195ff3,6375e88478aa547ef626179d,577
6375e884174c5525f6d64df4,6375e884880f341d29193d6b,108
6375e8845717eb79d568f9ef,6375e884505908ea875e181e,2635
6375e88486fca1af21e0917a,6375e884097c1c7c6297cba3,809
6375e884eb9c1f24d96ebb4e,6375e88491db1162119c881d,3016
6375e884787803b558b865fd,6375e88455dd117cb425b25b,1479
6375e8840cd652ab4238940a,6375e884156056cc6fcf503d,1991
6375e884553c53c858195ff3,6375e88478aa547ef626179d,507
6375e884174c5525f6d64df4,6375e884880f341d29193d6b,158
6375e8845717eb79d568f9ef,6375e884505908ea875e181e,2535
6375e88486fca1af21e0917a,6375e884097c1c7c6297cba3,79
6375e884eb9c1f24d96ebb4e,6375e88491db1162119c881d,16
6375e884787803b558b865fd,6375e88455dd117cb425b25b,879
6375e8840cd652ab4238940a,6375e884156056cc6fcf503d,691
6375e884553c53c858195ff3,6375e88478aa547ef626179d,707
6375e884174c5525f6d64df4,6375e884880f341d29193d6b,8
6375e8845717eb79d568f9ef,6375e884505908ea875e181e,6535
6375e88486fca1af21e0917a,6375e884097c1c7c6297cba3,079
6375e884eb9c1f24d96ebb4e,6375e88491db1162119c881d,0716
6375e884787803b558b865fd,6375e88455dd117cb425b25b,4879
6375e8840cd652ab4238940a,6375e884156056cc6fcf503d,1691
6375e884553c53c858195ff3,6375e88478aa547ef626179d,577
6375e884174c5525f6d64df4,6375e884880f341d29193d6b,105
6375e8845717eb79d568f9ef,6375e884505908ea875e181e,2653